Date,Status,Test name,Parameters,Log,Error description,
2020 10 21 18:04:27,PASSED,Subset_076_6_3_4100103_17_v300,,Subset_076_6_3_4100103_17_Tfe_2020-10-21_17-46-19.log,"",
2020 10 14 18:50:34,PASSED,Subset_076_6_3_3050300_15_RIU_v300,,Subset_076_6_3_3050300_15_RIU_Tfe_2020-10-14_18-46-34.log,"",
2020 10 14 18:46:32,PASSED,SS026_SPEC_0016,Q_relEBmodeRVatSS_Param=1,SS026_SPEC_0016_Tfe_2020-10-14_18-38-49.log,"",
2020 10 14 18:38:48,PASSED,SS026_SPEC_0016,Q_relEBmodeRVatSS_Param=0,SS026_SPEC_0016_Tfe_2020-10-14_18-31-16.log,"",
2020 10 14 18:31:14,PASSED,STM_035_0052,,STM_035_0052_Tfe_2020-10-14_18-27-55.log,"",
2020 10 14 18:27:53,PASSED,STM_035_0016,,STM_035_0016_Tfe_2020-10-14_18-25-02.log,"",
2020 10 14 18:25:00,PASSED,SS026_PROC_0051,,SS026_PROC_0051_Tfe_2020-10-14_18-20-55.log,"",
2020 10 14 18:20:53,PASSED,SS026_PROC_0016,,SS026_PROC_0016_Tfe_2020-10-14_18-11-25.log,"",
2020 10 14 18:11:23,PASSED,SS026_MODE_0050,,SS026_MODE_0050_Tfe_2020-10-14_18-05-06.log,"",
2020 10 14 17:21:35,PASSED,SS026_BALISE_0148,,SS026_BALISE_0148_Tfe_2020-10-14_17-13-38.log,"",
2020 10 14 17:10:08,PASSED,SS026_MTEL_0106,,SS026_MTEL_0106_Tfe_2020-10-14_17-05-41.log,"",
2020 10 14 17:00:46,PASSED,SS026_BALISE_0123,,SS026_BALISE_0123_Tfe_2020-10-14_16-54-39.log,"",
2020 10 14 16:54:37,PASSED,SS026_BALISE_0121,,SS026_BALISE_0121_Tfe_2020-10-14_16-35-47.log,"",
2020 10 14 16:35:45,PASSED,AS_AS_0487,,AS_AS_0487_Tfe_2020-10-14_16-33-01.log,"",
2020 10 14 16:33:00,PASSED,AS_AS_0488,,AS_AS_0488_Tfe_2020-10-14_16-30-00.log,"",
2020 10 14 15:24:17,PASSED,AS_AS_0087,,AS_AS_0087_Tfe_2020-10-14_15-18-33.log,"",
2020 10 14 15:10:23,PASSED,AS_AS_0075,,AS_AS_0075_Tfe_2020-10-14_15-05-02.log,"",
2020 10 09 16:31:03,PASSED,AS_TI_0088,,AS_TI_0088_Tfe_2020-10-09_16-27-46.log,"",
2020 10 09 16:27:45,PASSED,AS_TI_0006,,AS_TI_0006_Tfe_2020-10-09_16-24-46.log,"",
2020 10 09 16:24:45,PASSED,Subset_076_6_3_3050300_15_RIU_v300,,Subset_076_6_3_3050300_15_RIU_Tfe_2020-10-09_16-20-32.log,"",
2020 10 09 16:20:30,PASSED,SS026_SPEC_0016,Q_relEBmodeRVatSS_Param=1,SS026_SPEC_0016_Tfe_2020-10-09_16-12-33.log,"",
2020 10 09 16:12:31,PASSED,SS026_SPEC_0016,Q_relEBmodeRVatSS_Param=0,SS026_SPEC_0016_Tfe_2020-10-09_16-04-57.log,"",
2020 10 09 16:04:55,PASSED,STM_035_0052,,STM_035_0052_Tfe_2020-10-09_16-01-16.log,"",
2020 10 09 16:01:14,PASSED,STM_035_0016,,STM_035_0016_Tfe_2020-10-09_15-58-04.log,"",
2020 10 09 15:53:59,PASSED,SS026_PROC_0016,,SS026_PROC_0016_Tfe_2020-10-09_15-44-18.log,"",
2020 10 09 15:44:16,PASSED,SS026_MODE_0050,,SS026_MODE_0050_Tfe_2020-10-09_15-37-42.log,"",
2020 10 09 15:37:40,PASSED,SS026_MTEL_0106,,SS026_MTEL_0106_Tfe_2020-10-09_15-32-54.log,"",
2020 10 09 15:32:53,PASSED,SS026_BALISE_0148,,SS026_BALISE_0148_Tfe_2020-10-09_15-24-39.log,"",
2020 10 09 15:24:38,PASSED,SS026_BALISE_0123,,SS026_BALISE_0123_Tfe_2020-10-09_15-18-21.log,"",
2020 10 09 15:18:19,PASSED,SS026_BALISE_0121,,SS026_BALISE_0121_Tfe_2020-10-09_14-59-34.log,"",
2020 10 09 14:59:33,PASSED,AS_AS_0487,,AS_AS_0487_Tfe_2020-10-09_14-56-44.log,"",
2020 10 09 14:56:43,PASSED,AS_AS_0488,,AS_AS_0488_Tfe_2020-10-09_14-53-46.log,"",
2020 10 09 14:53:45,PASSED,AS_AS_0087,,AS_AS_0087_Tfe_2020-10-09_14-47-32.log,"",
2020 10 09 14:47:30,PASSED,AS_AS_0075,,AS_AS_0075_Tfe_2020-10-09_14-41-54.log,"",
2020 10 09 11:45:11,PASSED,AS_TI_0006,,AS_TI_0006_Tfe_2020-10-09_11-42-06.log,"",
2020 10 09 11:42:04,PASSED,Subset_076_6_3_3050300_15_RIU_v300,,Subset_076_6_3_3050300_15_RIU_Tfe_2020-10-09_11-37-46.log,"",
2020 10 09 11:34:10,PASSED,SS026_PROC_0051,,SS026_PROC_0051_Tfe_2020-10-09_11-29-48.log,"",
2020 10 09 11:29:04,PASSED,SS026_MODE_0050,,SS026_MODE_0050_Tfe_2020-10-09_11-22-41.log,"",
2020 10 09 11:21:06,PASSED,SS026_BALISE_0123,,SS026_BALISE_0123_Tfe_2020-10-09_11-14-51.log,"",
2020 10 09 11:14:50,PASSED,SS026_BALISE_0121,,SS026_BALISE_0121_Tfe_2020-10-09_10-55-40.log,"",
2020 10 09 10:55:38,PASSED,AS_AS_0487,,AS_AS_0487_Tfe_2020-10-09_10-52-35.log,"",
2020 10 09 10:52:33,PASSED,AS_AS_0488,,AS_AS_0488_Tfe_2020-10-09_10-49-14.log,"",
2020 10 09 10:49:12,PASSED,AS_AS_0087,,AS_AS_0087_Tfe_2020-10-09_10-43-11.log,"",
2020 10 09 10:43:09,PASSED,AS_AS_0075,,AS_AS_0075_Tfe_2020-10-09_10-37-31.log,"",
2020 10 08 21:20:05,PASSED,AS_AS_0487,,AS_AS_0487_Tfe_2020-10-08_21-16-59.log,"",
2020 10 08 21:16:58,PASSED,AS_AS_0488,,AS_AS_0488_Tfe_2020-10-08_21-13-49.log,"",
2020 10 08 21:13:00,PASSED,AS_AS_0075,,AS_AS_0075_Tfe_2020-10-08_21-07-06.log,"",
2020 10 08 19:58:51,PASSED,AS_TI_0088,,AS_TI_0088_Tfe_2020-10-08_19-55-36.log,"",
2020 10 08 19:54:53,PASSED,Subset_076_6_3_3050300_15_RIU_v300,,Subset_076_6_3_3050300_15_RIU_Tfe_2020-10-08_19-50-37.log,"",
2020 10 08 19:49:07,PASSED,SS026_SPEC_0016,Q_relEBmodeRVatSS_Param=0,SS026_SPEC_0016_Tfe_2020-10-08_19-41-25.log,"",
2020 10 08 19:41:24,PASSED,STM_035_0052,,STM_035_0052_Tfe_2020-10-08_19-37-57.log,"",
2020 10 08 19:37:56,PASSED,STM_035_0016,,STM_035_0016_Tfe_2020-10-08_19-35-04.log,"",
2020 10 08 19:35:02,PASSED,SS026_PROC_0051,,SS026_PROC_0051_Tfe_2020-10-08_19-30-52.log,"",
2020 10 08 19:30:50,PASSED,SS026_PROC_0016,,SS026_PROC_0016_Tfe_2020-10-08_19-21-15.log,"",
2020 10 08 19:21:13,PASSED,SS026_MODE_0050,,SS026_MODE_0050_Tfe_2020-10-08_19-14-56.log,"",
2020 10 08 19:14:54,PASSED,SS026_BALISE_0148,,SS026_BALISE_0148_Tfe_2020-10-08_19-06-35.log,"",
2020 10 08 19:03:05,PASSED,AS_AS_0487,,AS_AS_0487_Tfe_2020-10-08_19-00-13.log,"",
2020 10 08 19:00:11,PASSED,AS_AS_0087,,AS_AS_0087_Tfe_2020-10-08_18-54-00.log,"",
2020 10 08 18:51:30,PASSED,SS026_MTEL_0106,,SS026_MTEL_0106_Tfe_2020-10-08_18-47-14.log,"",
2020 10 08 18:46:26,PASSED,SS026_BALISE_0123,,SS026_BALISE_0123_Tfe_2020-10-08_18-40-21.log,"",
2020 10 08 18:40:19,PASSED,SS026_BALISE_0121,,SS026_BALISE_0121_Tfe_2020-10-08_18-21-25.log,"",
2020 10 08 18:20:49,PASSED,AS_AS_0488,,AS_AS_0488_Tfe_2020-10-08_18-18-03.log,"",
2020 10 08 18:17:27,PASSED,AS_AS_0075,,AS_AS_0075_Tfe_2020-10-08_18-11-51.log,"",
2020 09 23 17:15:04,PASSED,AS_TI_0088,,AS_TI_0088_Tfe_2020-09-23_17-11-59.log,"",
2020 09 23 17:11:57,PASSED,AS_TI_0006,,AS_TI_0006_Tfe_2020-09-23_17-09-00.log,"",
2020 09 23 17:08:59,PASSED,Subset_076_6_3_3050300_15_RIU_v300,,Subset_076_6_3_3050300_15_RIU_Tfe_2020-09-23_17-04-08.log,"",
2020 09 23 17:04:07,PASSED,SS026_SPEC_0016,Q_relEBmodeRVatSS_Param=1,SS026_SPEC_0016_Tfe_2020-09-23_16-56-32.log,"",
2020 09 23 16:56:31,PASSED,SS026_SPEC_0016,Q_relEBmodeRVatSS_Param=0,SS026_SPEC_0016_Tfe_2020-09-23_16-49-05.log,"",
2020 09 23 16:49:03,PASSED,STM_035_0052,,STM_035_0052_Tfe_2020-09-23_16-45-47.log,"",
2020 09 23 16:45:46,PASSED,STM_035_0016,,STM_035_0016_Tfe_2020-09-23_16-42-59.log,"",
2020 09 23 16:42:58,PASSED,SS026_PROC_0051,,SS026_PROC_0051_Tfe_2020-09-23_16-38-57.log,"",
2020 09 23 16:38:55,PASSED,SS026_PROC_0016,,SS026_PROC_0016_Tfe_2020-09-23_16-29-33.log,"",
2020 09 23 16:29:32,PASSED,SS026_MODE_0050,,SS026_MODE_0050_Tfe_2020-09-23_16-23-21.log,"",
2020 09 23 16:23:19,PASSED,SS026_MTEL_0106,,SS026_MTEL_0106_Tfe_2020-09-23_16-18-56.log,"",
2020 09 23 16:18:54,PASSED,SS026_BALISE_0148,,SS026_BALISE_0148_Tfe_2020-09-23_16-10-49.log,"",
2020 09 23 16:10:47,PASSED,SS026_BALISE_0123,,SS026_BALISE_0123_Tfe_2020-09-23_16-04-45.log,"",
2020 09 23 16:04:44,PASSED,SS026_BALISE_0121,,SS026_BALISE_0121_Tfe_2020-09-23_15-45-46.log,"",
2020 09 23 15:45:44,PASSED,AS_AS_0487,,AS_AS_0487_Tfe_2020-09-23_15-42-59.log,"",
2020 09 23 15:42:57,PASSED,AS_AS_0488,,AS_AS_0488_Tfe_2020-09-23_15-40-00.log,"",
2020 09 23 15:39:58,PASSED,AS_AS_0087,,AS_AS_0087_Tfe_2020-09-23_15-34-02.log,"",
2020 09 23 15:34:01,PASSED,AS_AS_0075,,AS_AS_0075_Tfe_2020-09-23_15-28-31.log,"",
2020 09 23 13:42:21,PASSED,AS_AS_0001,,AS_AS_0001_Tfe_2020-09-23_13-35-36.log,"",
2020 09 18 16:37:21,PASSED,AS_AS_0001,,AS_AS_0001_Tfe_2020-09-18_16-30-33.log,"",
2020 09 17 17:05:30,PASSED,SS026_MTEL_0106,,SS026_MTEL_0106_Tfe_2020-09-17_17-01-16.log,"",
2020 09 17 16:02:20,PASSED,SS026_BALISE_0148,,SS026_BALISE_0148_Tfe_2020-09-17_15-54-25.log,"",
2020 09 17 15:52:52,PASSED,SS026_BALISE_0123,,SS026_BALISE_0123_Tfe_2020-09-17_15-47-10.log,"",
2020 09 17 15:46:28,PASSED,SS026_BALISE_0121,,SS026_BALISE_0121_Tfe_2020-09-17_15-27-51.log,"",
2020 09 17 15:25:39,PASSED,AS_AS_0487,,AS_AS_0487_Tfe_2020-09-17_15-23-09.log,"",
2020 09 17 15:23:00,PASSED,AS_AS_0488,,AS_AS_0488_Tfe_2020-09-17_15-20-18.log,"",
2020 09 17 15:07:19,PASSED,AS_AS_0087,,AS_AS_0087_Tfe_2020-09-17_15-01-26.log,"",
2020 09 17 15:01:24,PASSED,AS_AS_0075,,AS_AS_0075_Tfe_2020-09-17_14-55-55.log,"",
2020 09 14 16:45:31,PASSED,SS026_BALISE_0123,,SS026_BALISE_0123_Tfe_2020-09-14_16-39-27.log,"",
2020 09 14 16:39:25,PASSED,SS026_BALISE_0121,,SS026_BALISE_0121_Tfe_2020-09-14_16-20-47.log,"",
2020 09 14 16:20:45,PASSED,AS_AS_0487,,AS_AS_0487_Tfe_2020-09-14_16-18-03.log,"",
2020 09 14 16:18:01,PASSED,AS_AS_0488,,AS_AS_0488_Tfe_2020-09-14_16-15-06.log,"",
2020 09 14 16:15:04,PASSED,AS_AS_0087,,AS_AS_0087_Tfe_2020-09-14_16-09-15.log,"",
2020 09 14 16:09:13,PASSED,AS_AS_0075,,AS_AS_0075_Tfe_2020-09-14_16-03-37.log,"",
2020 09 14 16:02:30,PASSED,AS_TI_0088,,AS_TI_0088_Tfe_2020-09-14_15-59-34.log,"",
2020 09 14 15:59:32,PASSED,AS_TI_0006,,AS_TI_0006_Tfe_2020-09-14_15-56-43.log,"",
2020 09 14 15:56:41,PASSED,Subset_076_6_3_3050300_15_RIU_v300,,Subset_076_6_3_3050300_15_RIU_Tfe_2020-09-14_15-52-57.log,"",
2020 09 14 15:52:56,PASSED,SS026_SPEC_0016,Q_relEBmodeRVatSS_Param=1,SS026_SPEC_0016_Tfe_2020-09-14_15-45-29.log,"",
2020 09 14 15:45:28,PASSED,SS026_SPEC_0016,Q_relEBmodeRVatSS_Param=0,SS026_SPEC_0016_Tfe_2020-09-14_15-38-12.log,"",
2020 09 14 15:38:11,PASSED,STM_035_0052,,STM_035_0052_Tfe_2020-09-14_15-35-03.log,"",
2020 09 14 15:35:02,PASSED,STM_035_0016,,STM_035_0016_Tfe_2020-09-14_15-32-23.log,"",
2020 09 14 15:32:22,PASSED,SS026_PROC_0051,,SS026_PROC_0051_Tfe_2020-09-14_15-28-29.log,"",
2020 09 14 15:28:27,PASSED,SS026_PROC_0016,,SS026_PROC_0016_Tfe_2020-09-14_15-19-14.log,"",
2020 09 14 15:19:13,PASSED,SS026_MODE_0050,,SS026_MODE_0050_Tfe_2020-09-14_15-13-10.log,"",
2020 09 14 15:13:09,PASSED,SS026_MTEL_0106,,SS026_MTEL_0106_Tfe_2020-09-14_15-08-53.log,"",
2020 09 14 15:08:52,PASSED,SS026_BALISE_0148,,SS026_BALISE_0148_Tfe_2020-09-14_15-00-56.log,"",
2020 09 14 15:00:55,PASSED,SS026_BALISE_0123,,SS026_BALISE_0123_Tfe_2020-09-14_14-55-07.log,"",
2020 09 14 14:55:05,PASSED,SS026_BALISE_0121,,SS026_BALISE_0121_Tfe_2020-09-14_14-36-27.log,"",
2020 09 14 14:36:25,PASSED,AS_AS_0487,,AS_AS_0487_Tfe_2020-09-14_14-33-52.log,"",
2020 09 14 14:33:51,PASSED,AS_AS_0488,,AS_AS_0488_Tfe_2020-09-14_14-30-22.log,"",
2020 09 14 14:30:20,PASSED,AS_AS_0087,,AS_AS_0087_Tfe_2020-09-14_14-24-27.log,"",
2020 09 14 14:24:25,PASSED,AS_AS_0075,,AS_AS_0075_Tfe_2020-09-14_14-18-58.log,"",
2020 09 14 14:17:56,PASSED,AS_AS_0002,,AS_AS_0002_Tfe_2020-09-14_14-13-51.log,"",
